professor ,text,label,source
Tiziana Ligorio,"i've taken her before for csi 127. she wasn't that bad, but i recommend going to your TA's because they are pretty helpful. The course work is a lot, especially for a 100 lvl course. Also, try to make friends in that course, that way you can help each other with the assignments.",course_advice,Reddit
Tiziana Ligorio,CS at hunter is essentially self study. You ignore the professor (except saad lol) and just do the assignment on time. Make sure to look through the slides and do the quiz and code assignment on time. Good luck!,course_advice,Reddit
Tiziana Ligorio,I believe what you CAN do is just count on the TAs to carry you. If you’re a freshman you should probably look into the other kinds of professors with college now attributes and such.,course_advice,Reddit
Tiziana Ligorio,"Its going to be an uphill battle for sure, theres weekly quizzes, biweekly coding reviews (oral reviews you need to explain), program assignments daily pretty much, oh and final exam that will FAIL YOUR ASS IF YOU DON’T PASS IT LMAO.",course_advice,Reddit
Tiziana Ligorio,Very rude professor. 0 respect for students. Avoid taking.,emotional_reaction,RMP
Tiziana Ligorio,Fun class with a semester-long group project and weekly reports. Workload became manageable over time.,helpful_review,RMP
Tiziana Ligorio,Genuinely cares about student success. Workload is manageable if you stay on top of it.,helpful_review,RMP
Tiziana Ligorio,One of the best at Hunter. Attendance is recommended because lectures help explain the slides.,helpful_review,RMP
Tiziana Ligorio,Lectures are boring and mostly read from slides. I learned more from YouTube. Take this class only if you can teach yourself.,course_advice,RMP
Tiziana Ligorio,Detailed slides help visualize abstract concepts and projects build confidence in problem solving.,helpful_review,RMP
Tiziana Ligorio,"Slides are unhelpful, lectures are boring, and there are not enough resources for projects.",helpful_review,RMP
Tiziana Ligorio,One of the best CS professors. Explains concepts clearly and encourages students to do well.,helpful_review,RMP
Tiziana Ligorio,"Genuinely wants students to succeed, explains well, and offers extra credit.",helpful_review,RMP
Tiziana Ligorio,Has the best slides among CS professors and exams are predictable if you study.,helpful_review,RMP
Tiziana Ligorio,Nice person and you learn a lot by attending class. Expect to spend significant time on projects.,course_advice,RMP
Tiziana Ligorio,Teaches complicated material well and uses visuals to explain abstract concepts.,helpful_review,RMP
Tiziana Ligorio,Good professor and kind. Workload is manageable if you stay on top of it.,helpful_review,RMP
Tiziana Ligorio,Great lecturer with clear grading criteria.,helpful_review,RMP
Tiziana Ligorio,One of the best professors in the department. Lectures are organized and resources are available online.,helpful_review,RMP
Tiziana Ligorio,Attend lectures and seek help when needed because resources and office hours are readily available.,course_advice,RMP
Tiziana Ligorio,Best lecturer at Hunter. Projects provide valuable hands-on learning.,helpful_review,RMP
Tiziana Ligorio,Approach the class with a learning mindset and you will leave much more competent.,course_advice,RMP
Tiziana Ligorio,Lectures are clear and easy to understand. Highly recommend taking this professor.,course_advice,RMP
Tiziana Ligorio,"Very organized, provides slides and resources online, and has challenging but fair projects.",helpful_review,RMP
Tiziana Ligorio,"Worst course experience. Reads off slides, assigns many programming assignments, and failing the final means failing the class.",emotional_reaction,RMP
Tiziana Ligorio,"The homework is straightforward, but the final exam is the main thing to worry about.",course_advice,RMP
Tiziana Ligorio,I learned a lot through the lectures and labs despite having no prior computer science experience.,helpful_review,RMP
Tiziana Ligorio,Horrible professor. Reads from labs and fails students who do not pass the final.,emotional_reaction,RMP
Tiziana Ligorio,Avoid taking this professor. The class is overwhelming and the professor only reads from online materials.,course_advice,RMP
Tiziana Ligorio,The professor explained concepts well and the course structure was not entirely her fault.,helpful_review,RMP
Tiziana Ligorio,The final exam feels designed to make students fail despite good performance during the semester.,emotional_reaction,RMP
Tiziana Ligorio,The class is highly structured with weekly programming assignments and quizzes.,helpful_review,RMP
Tiziana Ligorio,This class was extremely stressful and relied heavily on self-teaching.,emotional_reaction,RMP
Tiziana Ligorio,The professor explains concepts clearly and is willing to answer questions.,helpful_review,RMP
Tiziana Ligorio,The final exam was significantly harder than previous exams and assignments.,emotional_reaction,RMP
Tiziana Ligorio,The professor explains lectures efficiently and answers questions clearly.,helpful_review,RMP
Tiziana Ligorio,"The professor is helpful, but the workload is intense. Take this class only if you can manage your time.",course_advice,RMP
Tiziana Ligorio,One of the best professors in the department. Clear slides and strong emphasis on critical thinking.,helpful_review,RMP
Tiziana Ligorio,Friendly and engaging professor who makes lectures interesting and easy to follow.,helpful_review,RMP
Tiziana Ligorio,"The professor is nice, helpful, and provides review sheets that match the exams.",helpful_review,RMP
Saad Mneimneh,Practice constantly and use multiple resources because Saad's exams require deep understanding of the material.,course_advice,Reddit
Saad Mneimneh,"Saad's notes are great, but they are very condensed and easier to understand after reviewing other sources first.",helpful_review,Reddit
Saad Mneimneh,Attend recitations and form study groups because discussing ideas with others can help you understand the material.,course_advice,Reddit
Saad Mneimneh,Watching TheTrevTutor on YouTube helped me understand the material.,course_advice,Reddit
Saad Mneimneh,I failed Saad's class the first time and only barely passed the second time after taking another proof-based course.,emotional_reaction,Reddit
Saad Mneimneh,"Saad is very smart, but he is a harsh grader and an ineffective teacher.",helpful_review,Reddit
Saad Mneimneh,"Do all the homework, study heavily for exams, and meet with Saad for clarification if you want to improve your grade.",course_advice,Reddit
Saad Mneimneh,"Saad is smart, but his teaching style is not well suited for undergraduate students because he assumes too much prior knowledge.",helpful_review,Reddit
Saad Mneimneh,I failed the course with Saad and later passed it with a more lenient professor.,emotional_reaction,Reddit
Saad Mneimneh,Discrete Math with Saad is difficult because the course combines many topics and requires students to connect concepts from different areas.,helpful_review,Reddit
Saad Mneimneh,He truly cares about students and is willing to help them understand difficult material.,helpful_review,RMP
Saad Mneimneh,"The class is difficult, but Saad provides clear lectures, notes, curves, and extra credit opportunities.",helpful_review,RMP
Saad Mneimneh,"The material is hard, but doing the homework and understanding concepts instead of memorizing them will help you pass.",course_advice,RMP
Saad Mneimneh,The exams caused a lot of anxiety and required extensive studying.,emotional_reaction,RMP
Saad Mneimneh,Saad goes over topics thoroughly and does his best to help students during office hours.,helpful_review,RMP
Saad Mneimneh,This class was so stressful that it affected my mental health.,emotional_reaction,RMP
Saad Mneimneh,Saad's grading curve helped struggling students improve their final grades.,helpful_review,RMP
Saad Mneimneh,Saad genuinely cares about students and is willing to accommodate them when asked.,helpful_review,RMP
Saad Mneimneh,"I failed the class once, but the second time the material finally clicked and Saad was helpful when I had questions.",helpful_review,RMP
Saad Mneimneh,Be prepared to spend a significant amount of time studying because lectures can be very condensed.,course_advice,RMP
Saad Mneimneh,"Many students retake this course, so consider studying far harder than you would for most classes.",course_advice,RMP
Saad Mneimneh,"This is one of the toughest classes at Hunter, but Saad genuinely cares about teaching.",helpful_review,RMP
Saad Mneimneh,Saad has good intentions but frequently changes exam formats and grading expectations.,helpful_review,RMP
Saad Mneimneh,"Study hard, attend office hours, and complete the homework if you want to succeed.",course_advice,RMP
Saad Mneimneh,This class forces students to think critically rather than rely on Google or AI tools.,helpful_review,RMP
Saad Mneimneh,The professor changed the final exam format at the last minute and many students struggled because of it.,emotional_reaction,RMP
Saad Mneimneh,"I understood the material better, but a sudden exam format change prevented me from passing.",emotional_reaction,RMP
Saad Mneimneh,The class is extremely difficult and many students feel overwhelmed by the expectations.,emotional_reaction,RMP
Saad Mneimneh,More than half of the class failed the final exam.,emotional_reaction,RMP
Saad Mneimneh,Saad teaches concepts in an overly complicated way and expects students to solve much harder problems on exams.,helpful_review,RMP
Saad Mneimneh,"The lectures move quickly, and students should read ahead and attend office hours.",course_advice,RMP
Saad Mneimneh,"Saad is not the best lecturer, but he is not the worst. Success requires significant effort.",helpful_review,RMP
Saad Mneimneh,"If you can understand his notes, you will likely perform much better on the exams.",course_advice,RMP
Saad Mneimneh,The class is extremely stressful and demanding for most students.,emotional_reaction,RMP
Saad Mneimneh,Saad relies heavily on students teaching themselves the material.,helpful_review,RMP
Saad Mneimneh,Saad cares about students but struggles to communicate complex concepts clearly.,helpful_review,RMP
Saad Mneimneh,The exams contain abstract and creative questions that are difficult for beginners.,helpful_review,RMP
Saad Mneimneh,The lectures are difficult to follow and many students depend on the grading curve.,helpful_review,RMP
Saad Mneimneh,Office hours showed that Saad genuinely cared about student success even if the class was very large.,helpful_review,RMP
Saad Mneimneh,"The topics are complex, but the lectures and slides make them easier to understand.",helpful_review,RMP
Saad Mneimneh,"The exams are difficult, but if you consistently review the notes, attend lectures, and practice the homework problems, passing the class is definitely possible.",course_advice,RMP
Tong Yi,Many complaints about Tong Yi focus on her accent and the policy that failing the final means failing the class.,helpful_review,Reddit
Tong Yi,The labs and final exams cover more material and are harder than what is presented during lectures.,helpful_review,Reddit
Tong Yi,Students should expect to study independently and use tutoring resources to succeed in the course.,course_advice,Reddit
Tong Yi,Getting a head start on C++ can make the class more manageable.,course_advice,Reddit
Tong Yi,Some students consider Tong Yi one of the worst professors in the department.,emotional_reaction,Reddit
Tong Yi,The course is considered a weed-out class and requires significant effort outside of class.,helpful_review,Reddit
Tong Yi,"There are not many better alternatives available, so students often take the course despite concerns about the professor.",helpful_review,Reddit
Tong Yi,The professor is a tough grader.,helpful_review,RMP
Tong Yi,Many students struggle because it is difficult to understand how the material is being taught.,helpful_review,RMP
Tong Yi,"Tong Yi is nice and kind, but the class is challenging and the assignments are much harder than the lectures.",helpful_review,RMP
Tong Yi,"You cannot understand her lectures, but she posts old finals that are helpful for studying.",course_advice,RMP
Tong Yi,The only reason I passed was because I went to tutoring.,course_advice,RMP
Tong Yi,I spend more time trying to understand her accent than actually learning the material.,emotional_reaction,RMP
Tong Yi,"Her teaching ability is not the greatest, but one-on-one meetings with her were helpful.",helpful_review,RMP
Tong Yi,The class has clear requirements and studying past exams helps because the structure stays similar.,course_advice,RMP
Tong Yi,"Not the best lecturer, but she gives students what they need to learn the material on their own.",helpful_review,RMP
Tong Yi,"The best way to pass is by doing all homework, labs, and attendance activities.",course_advice,RMP
Tong Yi,The course is workload heavy and students should study previous exams extensively.,course_advice,RMP
Tong Yi,Her accent is incomprehensible and the exams are much harder than the lectures.,emotional_reaction,RMP
Tong Yi,Most people end up self-studying because she is not a great teacher.,helpful_review,RMP
Tong Yi,The class is hard and you have to teach yourself most of the material.,helpful_review,RMP
Tong Yi,Worst teacher I have had. You have to teach yourself and research topics on your own.,emotional_reaction,RMP
Tong Yi,I cried after failing this class. She is a nice person but not a good teacher.,emotional_reaction,RMP
Tong Yi,Office hours are much more helpful than lectures and recitations are useful for lab help.,course_advice,RMP
Tong Yi,The tests are so difficult that many students fail the course multiple times.,emotional_reaction,RMP
Tong Yi,The professor gives good feedback during one-on-one sessions and helps with projects.,helpful_review,RMP
Tong Yi,Worst professor ever.,emotional_reaction,RMP
Tong Yi,Everyone was exhausted and stressed while preparing for the final exam.,emotional_reaction,RMP
Tong Yi,Students were worried because nobody knew exactly what topics would appear on the final.,emotional_reaction,RMP
Tong Yi,This is basically an independent study class because you have to teach yourself.,helpful_review,RMP
Tong Yi,Go to recitation and ask the professor and TAs for help because it really helps.,course_advice,RMP
Tong Yi,The final exam is stressful and students are worried about how difficult it will be.,emotional_reaction,RMP
Tong Yi,Yi is the nicest CS professor and gives extensions when students need help.,course_advice,RMP
Tong Yi,This is the worst professor I have ever had. The midterm was much harder than expected.,emotional_reaction,RMP
Tong Yi,Most students in the group chat failed the midterm.,emotional_reaction,RMP
Tong Yi,Yi and Saad are tied for the worst professors at Hunter.,emotional_reaction,RMP
Tong Yi,People are overreacting. The test was fair and students need to practice coding more.,helpful_review,RMP
Tong Yi,The midterm was not that bad if you understand the concepts and know how to problem solve.,helpful_review,RMP
Tong Yi,"The exam was confusing and did not resemble quizzes, code reviews, or previous exams.",emotional_reaction,RMP
Tong Yi,Tong Yi should have made the exam easier and more straightforward.,emotional_reaction,RMP
Eric Schweitzer,He's one of the better CS professors and gives students more chances to pass.,helpful_review,Reddit
Eric Schweitzer,"His classes are hard, but if you study and understand the material the quizzes are manageable.",course_advice,Reddit
Eric Schweitzer,A friend took the class and liked it.,helpful_review,Reddit
Eric Schweitzer,The topic is interesting and gives students access to unique computers.,helpful_review,Reddit
Eric Schweitzer,Many CS students blame professors when classes are difficult.,helpful_review,Reddit
Eric Schweitzer,"According to some students, he's one of the worst professors at Hunter.",emotional_reaction,Reddit
Eric Schweitzer,Study every day to stay on top of the class.,course_advice,Reddit
Eric Schweitzer,He's amazing at teaching and you'll have a great time if you stay on top of your work.,helpful_review,Reddit
Eric Schweitzer,"He's difficult, but most students enjoy his classes.",helpful_review,Reddit
Eric Schweitzer,He's much better in smaller classes than large lectures.,helpful_review,Reddit
Eric Schweitzer,Learned a lot but hated the pop quizzes.,emotional_reaction,RMP
Eric Schweitzer,"The first time you take Eric he seems terrible, but later you realize he's better than many CS professors.",helpful_review,RMP
Eric Schweitzer,The course is fair but difficult and quizzes make up most of the grade.,helpful_review,RMP
Eric Schweitzer,Eric is a great professor and students who appreciate a true CS education value his classes.,helpful_review,RMP
Eric Schweitzer,One of the best professors at Hunter College.,helpful_review,RMP
Eric Schweitzer,Even minimal effort is usually enough to pass his class.,course_advice,RMP
Eric Schweitzer,The quizzes are curved and correct notation matters a lot.,course_advice,RMP
Eric Schweitzer,He moves through material quickly so don't miss class or fall behind.,course_advice,RMP
Eric Schweitzer,The class is entirely based on pop quizzes.,helpful_review,RMP
Eric Schweitzer,Read the chapter before class and go to tutoring if needed.,course_advice,RMP
Eric Schweitzer,He mostly copies from the textbook without explaining enough.,emotional_reaction,RMP
Eric Schweitzer,The surprise quizzes can be stressful but they force students to stay prepared.,emotional_reaction,RMP
Eric Schweitzer,"If you do the homework and understand it, you should be fine.",course_advice,RMP
Eric Schweitzer,The material isn't hard but the grading system is frustrating.,emotional_reaction,RMP
Eric Schweitzer,His handwriting is difficult to read and lectures can be hard to follow.,emotional_reaction,RMP
Eric Schweitzer,Tutoring helped me pass the class.,course_advice,RMP
Eric Schweitzer,The random pop quizzes make the course harder than it needs to be.,emotional_reaction,RMP
Eric Schweitzer,The optional homework closely mirrors the quizzes.,course_advice,RMP
Eric Schweitzer,What you see is what you get with Eric and his grading is fair.,helpful_review,RMP
Eric Schweitzer,Avoid Eric if you dislike classes centered around quizzes.,emotional_reaction,RMP
Eric Schweitzer,Do the homework problems and study the textbook if you want to succeed.,course_advice,RMP
Eric Schweitzer,The class is easy to fail if you fall behind.,course_advice,RMP
Eric Schweitzer,Eric is a nice guy but the course requires consistent effort.,helpful_review,RMP
Eric Schweitzer,His quizzes are basically progress reports and help students identify weak areas before exams.,helpful_review,RMP
Eric Schweitzer,"The class is difficult, but if you work hard you will learn the material well.",helpful_review,RMP
Eric Schweitzer,Attendance and note-taking are important because some exam questions come directly from lecture discussions.,course_advice,RMP
Eric Schweitzer,"He is knowledgeable, helpful, and willing to spend extra time helping students outside class.",helpful_review,RMP
Eric Schweitzer,"The final exam is difficult, but the grading curve is usually generous.",helpful_review,RMP
Eric Schweitzer,"His lectures are funny and engaging, but students still need to read the textbook.",course_advice,RMP
Eric Schweitzer,"Many students complain about him, but he is fair and expects students to put in effort.",helpful_review,RMP
Justin Tojeira,His class was so unorganized and hard. He graded all the homework at the end of the semester.,emotional_reaction,Reddit
Justin Tojeira,He gives students more chances to pass than most professors.,helpful_review,Reddit
Justin Tojeira,"If you study and understand the material, the quizzes are manageable.",course_advice,Reddit
Justin Tojeira,His classes are hard but fair.,helpful_review,Reddit
Justin Tojeira,Good luck because he is very theory heavy and focuses more on theory than coding.,helpful_review,RMP
Justin Tojeira,All he does is read off the slides and does not know how to teach.,emotional_reaction,RMP
Justin Tojeira,The grading was ridiculously harsh in CSCI 335.,emotional_reaction,RMP
Justin Tojeira,Really good at explaining concepts.,helpful_review,RMP
Justin Tojeira,I loved his teaching style and exams because they made you think outside the box.,helpful_review,RMP
Justin Tojeira,He always answers questions immediately and helps students understand confusing topics.,helpful_review,RMP
Justin Tojeira,Nice guy and very fair. The exams contained no surprises or tricks.,helpful_review,RMP
Justin Tojeira,The class is a bit disorganized and he takes a long time to grade.,helpful_review,RMP
Justin Tojeira,Hard professor but very informative.,helpful_review,RMP
Justin Tojeira,You can get a good grade if you work hard even though the lectures are disorganized.,course_advice,RMP
Justin Tojeira,Study time complexities like it's your religion.,course_advice,RMP
Justin Tojeira,"The curriculum, work, and tests were fair.",helpful_review,RMP
Justin Tojeira,The textbook is your best friend in this course.,course_advice,RMP
Justin Tojeira,His lectures are boring and it is difficult to predict what will be on the exams.,emotional_reaction,RMP
Justin Tojeira,Very unorganized. He waited until the semester ended to grade projects and exams.,emotional_reaction,RMP
Justin Tojeira,He does not know how to lecture and is very slow at grading.,emotional_reaction,RMP
Justin Tojeira,The lectures are unhelpful but the curves are generous.,helpful_review,RMP
Justin Tojeira,Just learn on your own.,emotional_reaction,RMP
Justin Tojeira,Avoid taking this professor for CSCI 335.,course_advice,RMP
Justin Tojeira,He grades all assignments at the end of the semester so you never know where you stand.,emotional_reaction,RMP
Justin Tojeira,He is a good professor and much more organized than before.,helpful_review,RMP
Justin Tojeira,Avoid at all costs.,emotional_reaction,RMP
Justin Tojeira,His lectures don't offer much. Read the textbook instead.,course_advice,RMP
Justin Tojeira,He's a really nice guy but incredibly unorganized.,helpful_review,RMP
Justin Tojeira,Study for exams in advance. The textbook will be your guide.,course_advice,RMP
Justin Tojeira,Know the algorithms thoroughly and start projects early.,course_advice,RMP
Justin Tojeira,The materials posted do not fully prepare students for the exams.,helpful_review,RMP
Justin Tojeira,Not a good professor. Very unreasonable.,emotional_reaction,RMP
Justin Tojeira,He makes the class harder and expects students to memorize long code segments.,emotional_reaction,RMP
Justin Tojeira,The grading was fair but he was not prepared at the beginning of the semester.,helpful_review,RMP
Justin Tojeira,He had difficulty staying on topic and making theory meaningful.,helpful_review,RMP
Justin Tojeira,His teaching ability is mediocre and the course was extremely unorganized.,emotional_reaction,RMP
Justin Tojeira,He is one of the better CS professors and homework prepares students for exams.,helpful_review,RMP
Justin Tojeira,He gives too much homework and the exams cover too many topics.,emotional_reaction,RMP
Justin Tojeira,Clear lectures and explains topics very well.,helpful_review,RMP
Justin Tojeira,He could be the best CS professor at Hunter and explains material extremely well.,helpful_review,RMP